ID,proximal,hydrophobic,vdw,weak_polar,hbond,polar,vdw_clash,weak_hbond,covalent,ionic,aromatic,carbonyl,FE,EF,OT,FT,DONORPI,CARBONPI,METSULPHURPI,AMIDEAMIDE,AMIDERING,INTRA_SELECTION,atom-atom,plane-plane,atom-plane,group-group,group-plane,distance,OF,CATIONPI,OE,ET,EE,FF
KCNJ11_Q14654_qty,4052,138,91,91,135,244,141,60,1.0,6,9,2.0,3,3,1.0,1.0,3,17,1.0,4,2.0,4316,4285,4,21,4,2.0,4.275428637627432,,,,,,
KCNJ11_Q14654_native,3965,222,91,96,119,220,124,63,1.0,7,10,2.0,3,3,,,3,23,2.0,2,2.0,4217,4181,4,28,2,2.0,4.289419018259426,1.0,1.0,,,,
KCNJ12_Q14500_qty,4568,159,95,108,153,276,158,81,1.0,10,8,1.0,3,4,,,8,20,10.0,5,2.0,4872,4822,5,38,5,2.0,4.276130952380953,1.0,,1.0,,,
KCNJ8_Q15842_qty,4710,163,103,104,160,306,166,74,1.0,12,14,2.0,3,3,2.0,,3,22,4.0,6,2.0,5022,4980,5,29,6,2.0,4.277706093189964,,,,1.0,,
KCNJ3_P48549_qty,4274,159,82,105,150,248,174,59,1.0,4,12,1.0,3,5,2.0,,7,15,6.0,6,3.0,4577,4531,9,28,6,3.0,4.273454227660039,2.0,,2.0,1.0,,
KCNJ10_P78508_qty,4373,161,91,91,145,252,156,73,1.0,11,27,,4,4,1.0,,7,20,1.0,9,4.0,4668,4621,6,28,9,4.0,4.277804198800343,,,,2.0,,
KCNJ8_Q15842_native,4603,252,105,111,149,265,155,75,1.0,11,10,2.0,3,3,,,2,25,4.0,7,1.0,4909,4864,6,31,7,1.0,4.282206151965777,3.0,1.0,,,,
KCNJ3_P48549_native,4125,203,101,113,132,234,150,52,,6,20,1.0,3,4,1.0,,5,11,2.0,5,5.0,4411,4376,7,18,5,5.0,4.2888437995919295,2.0,,1.0,1.0,1.0,
KCNJ12_Q14500_native,4488,262,91,108,142,250,134,70,1.0,11,16,1.0,4,4,1.0,,4,23,9.0,4,2.0,4761,4714,5,36,4,2.0,4.289852972064692,,,,1.0,,
KCNJ10_P78508_native,4117,210,87,100,128,234,139,62,1.0,11,20,,3,3,1.0,,5,25,,8,4.0,4391,4344,5,30,8,4.0,4.281603279435209,,,,1.0,,1.0
KCNK2_O95069_qty,8032,216,180,253,305,507,302,126,,11,29,8.0,7,6,2.0,1.0,5,14,1.0,16,2.0,8566,8514,14,20,16,2.0,4.269185150595377,4.0,,2.0,1.0,2.0,1.0
KCNK2_O95069_native,7664,361,156,229,270,448,246,133,,2,40,9.0,6,6,,1.0,1,20,1.0,15,2.0,8117,8066,12,22,15,2.0,4.276045336947148,4.0,,2.0,1.0,2.0,1.0
KCND1_Q9NSA2_qty,8314,229,187,223,320,532,303,136,1.0,27,13,2.0,5,5,1.0,,7,19,7.0,14,10.0,8873,8805,11,33,14,10.0,4.277299673165784,2.0,,1.0,1.0,3.0,
KCNH2_Q12809_qty,8949,304,196,223,330,551,319,147,,28,71,12.0,3,3,3.0,2.0,9,28,5.0,10,6.0,9541,9464,19,42,10,6.0,4.267141809034692,8.0,,2.0,3.0,2.0,3.0
KCNH2_Q12809_native,8853,525,207,228,300,499,281,150,,34,108,11.0,6,5,3.0,1.0,8,35,3.0,9,4.0,9424,9341,24,46,9,4.0,4.277173174872666,9.0,2.0,4.0,4.0,2.0,6.0
KCND1_Q9NSA2_native,8361,361,186,258,298,516,309,151,1.0,21,21,4.0,6,6,1.0,,5,24,6.0,17,6.0,8925,8857,10,35,17,6.0,4.277883473389355,2.0,,,1.0,3.0,
KCNK5_O95279_qty,9387,273,200,268,340,584,331,182,,13,38,6.0,8,8,3.0,1.0,7,30,5.0,11,9.0,9999,9918,19,42,11,9.0,4.267520752075207,5.0,1.0,1.0,4.0,3.0,
KCNK9_Q9NPC2_qty,10263,342,214,284,355,614,356,171,,19,57,5.0,9,10,2.0,1.0,9,31,4.0,16,7.0,10918,10833,18,44,16,7.0,4.27972614031874,3.0,,1.0,4.0,1.0,
KCNN4_O15554_qty,9228,232,183,230,322,552,329,139,,26,17,9.0,5,4,1.0,,7,24,2.0,26,4.0,9810,9740,7,33,26,4.0,4.277569826707441,,,2.0,,,
KCNK9_Q9NPC2_native,9874,496,193,293,319,562,330,170,,19,57,5.0,9,11,2.0,,6,33,2.0,16,6.0,10479,10397,19,41,16,6.0,4.280784425994846,4.0,,2.0,3.0,2.0,
KCNN4_O15554_native,8950,373,191,241,316,529,311,150,,28,13,9.0,6,6,,,9,28,3.0,21,2.0,9524,9452,7,42,21,2.0,4.280442041159177,1.0,5.0,,,1.0,
KCNA1_Q09470_qty,9359,195,195,242,379,622,342,150,,38,12,4.0,8,8,2.0,1.0,9,22,2.0,14,8.0,9965,9896,14,33,14,8.0,4.273536377320622,1.0,,1.0,3.0,1.0,
KCNN3_Q9UGI6_qty,10182,268,233,248,372,629,391,145,1.0,34,35,4.0,2,4,,,8,34,4.0,11,4.0,10878,10807,9,47,11,4.0,4.2767916896488325,2.0,3.0,2.0,2.0,2.0,1.0
KCNK5_O95279_native,9271,396,195,278,296,551,296,184,,8,48,5.0,8,9,2.0,1.0,3,32,5.0,9,4.0,9834,9762,19,40,9,4.0,4.277272727272727,7.0,,1.0,2.0,4.0,
KCNC4_Q03721_qty,9426,259,209,224,349,582,337,146,,38,26,3.0,6,7,1.0,,7,28,5.0,13,6.0,10043,9972,12,40,13,6.0,4.280153340635269,3.0,,1.0,1.0,1.0,1.0
KCNA1_Q09470_native,9290,372,227,269,326,570,305,169,,29,17,6.0,8,9,3.0,2.0,5,26,2.0,18,8.0,9895,9822,14,33,18,8.0,4.280059626073775,,,1.0,3.0,1.0,
KCNH5_Q8NCM2_qty,10073,387,220,255,348,597,346,159,,27,81,4.0,3,5,1.0,2.0,9,34,8.0,11,7.0,10726,10639,18,51,11,7.0,4.283738579153459,8.0,1.0,2.0,2.0,2.0,5.0
KCNH5_Q8NCM2_native,9932,552,221,268,341,567,349,174,,35,83,8.0,2,5,,2.0,6,42,8.0,10,6.0,10592,10502,18,56,10,6.0,4.281184856495469,8.0,,4.0,3.0,2.0,6.0
KCNC4_Q03721_native,9035,455,212,254,320,528,334,161,,37,28,8.0,4,5,1.0,,4,28,8.0,14,6.0,9650,9581,9,40,14,6.0,4.2791046632124345,2.0,,1.0,1.0,1.0,1.0
KCNA5_P22460_qty,9844,216,235,277,387,644,394,154,,47,13,7.0,6,8,,,11,25,3.0,23,7.0,10552,10473,10,39,23,7.0,4.264696739954511,1.0,,2.0,,1.0,
KCNN3_Q9UGI6_native,9935,457,213,273,338,570,367,156,1.0,32,26,6.0,3,4,3.0,,7,37,4.0,11,4.0,10590,10516,10,49,11,4.0,4.284534466477809,,2.0,2.0,4.0,1.0,
KCNMA1_Q12791_qty,11320,363,224,303,386,635,430,143,,21,54,6.0,7,13,5.0,2.0,23,43,15.0,38,8.0,12129,11974,27,82,38,8.0,4.2806051611839395,9.0,4.0,6.0,3.0,,1.0
KCNA5_P22460_native,9626,384,216,290,341,581,348,174,,37,17,5.0,8,9,1.0,,7,24,2.0,19,7.0,10260,10190,11,33,19,7.0,4.269794346978557,,,1.0,1.0,1.0,
KCNMA1_Q12791_native,10656,656,219,309,341,552,365,158,,23,61,6.0,5,6,6.0,2.0,11,40,16.0,24,8.0,11362,11240,21,69,24,8.0,4.293042598134131,7.0,5.0,3.0,4.0,1.0,1.0
KCNA3_P22001_qty,13319,558,255,347,466,732,471,234,,70,48,17.0,10,15,3.0,3.0,12,44,5.0,32,12.0,14172,14045,22,61,32,12.0,4.289537115438893,1.0,1.0,5.0,3.0,1.0,1.0
KCNA3_P22001_native,13104,716,293,379,429,694,414,230,,72,55,14.0,13,18,2.0,3.0,10,47,5.0,25,11.0,13937,13811,27,63,25,11.0,4.288799598191864,2.0,2.0,6.0,3.0,2.0,1.0
KCNA3_P22001_7EJ1_cryoem,10697,505,265,309,310,462,293,178,,21,32,28.0,6,8,4.0,3.0,8,24,6.0,19,5.0,11337,11255,19,39,19,5.0,4.301428067389962,2.0,3.0,4.0,6.0,,1.0
KCNH2_Q12809_5VA2_cryoem,7470,403,156,195,213,329,225,128,,14,69,15.0,6,6,10.0,7.0,3,17,4.0,14,1.0,7915,7851,25,24,14,1.0,4.3078066961465575,4.0,1.0,4.0,5.0,1.0,1.0
KCNJ11_Q14654_6C3O_cryoem,3689,199,92,111,115,228,178,69,1.0,3,15,4.0,3,3,1.0,,3,21,7.0,5,2.0,4002,3960,4,31,5,2.0,4.26963768115942,,1.0,,1.0,,
KCNK2_O95069_4TWK_cryoem,7526,347,186,233,262,404,190,130,,3,40,7.0,7,9,5.0,2.0,2,17,1.0,25,,7964,7902,17,20,25,,4.277653189352084,,,3.0,2.0,2.0,
KCNMA1_Q12791_6V22_cryoem,10113,604,230,267,305,492,286,164,,17,54,10.0,5,6,10.0,8.0,9,43,18.0,24,7.0,10756,10629,25,71,24,7.0,4.307476757158795,2.0,2.0,2.0,10.0,1.0,1.0
KCNN4_015554_6CNM_cryoem,8045,312,170,184,250,422,268,124,,16,15,5.0,3,4,2.0,,1,21,4.0,14,3.0,8533,8483,7,26,14,3.0,4.302496191257472,1.0,,1.0,2.0,,
